<?xml version="1.0" encoding="UTF-8"?>
<addons>
    <addon id="repository.slacksrepo" name="Slacks Repo" version="0.1.0" provider-name="Slackfert">
        <requires>
            <import addon="xbmc.addon" version="12.0.0"/>
        </requires>
        <extension point="xbmc.addon.repository" name="Slacks Repo">
            <info compressed="false">https://raw.githubusercontent.com/Slack8182/slacks-kodi-repo/_repo/addons.xml</info>
            <checksum>https://raw.githubusercontent.com/Slack8182/slacks-kodi-repo/_repo/addons.xml.md5</checksum>
            <datadir zip="true">https://raw.githubusercontent.com/Slack8182/slacks-kodi-repo/_repo/</datadir>
            <hashes>false</hashes>
        </extension>
        <extension point="xbmc.addon.metadata">
            <summary>Slack Wizard</summary>
            <description>The description can be longer. Using [CR] you can create a newline. The use of other markup is not advised.</description>
            <platform>all</platform>
    </extension>
</addon>
</addons>
